<?xml version="1.0" encoding="UTF-8"?>
<project-private xmlns="http://www.netbeans.org/ns/project-private/1">
    <editor-bookmarks xmlns="http://www.netbeans.org/ns/editor-bookmarks/2" lastBookmarkId="0"/>
    <open-files xmlns="http://www.netbeans.org/ns/projectui-open-files/2">
        <group>
            <file>file:/D:/Michael%20Depp/Documents/UDEMY/Contribution/RestaurantManagement/src/restaurantmanagement/Order.java</file>
            <file>file:/D:/Michael%20Depp/Documents/UDEMY/Contribution/RestaurantManagement/src/restaurantmanagement/RestaurantManagement.java</file>
            <file>file:/D:/Michael%20Depp/Documents/UDEMY/Contribution/RestaurantManagement/src/restaurantmanagement/Email.java</file>
            <file>file:/D:/Michael%20Depp/Documents/UDEMY/Contribution/RestaurantManagement/src/restaurantmanagement/Receipt.java</file>
        </group>
    </open-files>
</project-private>
